Id,Title,Channel,Category,URL
OkmNXy7er84,The hardest problem on the hardest test,3Blue1Brown,Science,https://www.youtube.com/watch?v=OkmNXy7er84
r6sGWTCMz2k,"But what is a Fourier series? From heat flow to drawing with circles | DE4",3Blue1Brown,Science,https://www.youtube.com/watch?v=r6sGWTCMz2k
bBC-nXj3Ng4,But how does bitcoin actually work?,3Blue1Brown,Science,https://www.youtube.com/watch?v=bBC-nXj3Ng4
aircAruvnKk,"But what is a neural network? | Chapter 1, Deep learning",3Blue1Brown,Science,https://www.youtube.com/watch?v=aircAruvnKk
HEfHFsfGXjs,The most unexpected answer to a counting puzzle,3Blue1Brown,Science,https://www.youtube.com/watch?v=HEfHFsfGXjs
spUNpyF58BY,But what is the Fourier Transform? A visual introduction.,3Blue1Brown,Science,https://www.youtube.com/watch?v=spUNpyF58BY
Kas0tIxDvrg,Exponential growth and epidemics,3Blue1Brown,Science,https://www.youtube.com/watch?v=Kas0tIxDvrg
WUvTyaaNkzM,The essence of calculus,3Blue1Brown,Science,https://www.youtube.com/watch?v=WUvTyaaNkzM
GNcFjFmqEc8,But why is a sphere's surface area four times its shadow?,3Blue1Brown,Science,https://www.youtube.com/watch?v=GNcFjFmqEc8
fNk_zzaMoSs,"Vectors | Chapter 1, Essence of linear algebra",3Blue1Brown,Science,https://www.youtube.com/watch?v=fNk_zzaMoSs
gxAaO2rsdIs,Simulating an epidemic,3Blue1Brown,Science,https://www.youtube.com/watch?v=gxAaO2rsdIs
IHZwWFHWa-w,"Gradient descent, how neural networks learn | Chapter 2, Deep learning",3Blue1Brown,Science,https://www.youtube.com/watch?v=IHZwWFHWa-w
d-o3eB9sfls,"Why is pi here? And why is it squared? A geometric answer to the Basel problem",3Blue1Brown,Science,https://www.youtube.com/watch?v=d-o3eB9sfls
M64HUIJFTZM,"The unexpectedly hard windmill question (2011 IMO, Q2)",3Blue1Brown,Science,https://www.youtube.com/watch?v=M64HUIJFTZM
jsYwFizhncE,Why do colliding blocks compute pi?,3Blue1Brown,Science,https://www.youtube.com/watch?v=jsYwFizhncE
EK32jo7i5LQ,"Why do prime numbers make these spirals? | Dirichlet’s theorem, pi approximations, and more",3Blue1Brown,Science,https://www.youtube.com/watch?v=EK32jo7i5LQ
sD0NjbwqlYw,Visualizing the Riemann zeta function and analytic continuation,3Blue1Brown,Science,https://www.youtube.com/watch?v=sD0NjbwqlYw
k7RM-ot2NWY,"Linear combinations, span, and basis vectors | Chapter 2, Essence of linear algebra",3Blue1Brown,Science,https://www.youtube.com/watch?v=k7RM-ot2NWY
kYB8IZa5AuE,"Linear transformations and matrices | Chapter 3, Essence of linear algebra",3Blue1Brown,Science,https://www.youtube.com/watch?v=kYB8IZa5AuE
XFDM1ip5HdU,What does it feel like to invent math?,3Blue1Brown,Science,https://www.youtube.com/watch?v=XFDM1ip5HdU
CfW845LNObM,"The other way to visualize derivatives | Chapter 12, Essence of calculus",3Blue1Brown,Science,https://www.youtube.com/watch?v=CfW845LNObM
d4EgbgTm0Bg,Visualizing quaternions (4d numbers) with stereographic projection,3Blue1Brown,Science,https://www.youtube.com/watch?v=d4EgbgTm0Bg
QJYmyhnaaek,"All possible pythagorean triples, visualized",3Blue1Brown,Science,https://www.youtube.com/watch?v=QJYmyhnaaek
PFDu9oVAE-g,"Eigenvectors and eigenvalues | Chapter 14, Essence of linear algebra",3Blue1Brown,Science,https://www.youtube.com/watch?v=PFDu9oVAE-g
gB9n2gHsHN4,Fractals are typically not self-similar,3Blue1Brown,Science,https://www.youtube.com/watch?v=gB9n2gHsHN4
Ilg3gGewQ5U,"What is backpropagation really doing? | Chapter 3, Deep learning",3Blue1Brown,Science,https://www.youtube.com/watch?v=Ilg3gGewQ5U
rB83DpBJQsE,"Divergence and curl: The language of Maxwell's equations, fluid flow, and more",3Blue1Brown,Science,https://www.youtube.com/watch?v=rB83DpBJQsE
zwAD6dRSVyI,Thinking outside the 10-dimensional box,3Blue1Brown,Science,https://www.youtube.com/watch?v=zwAD6dRSVyI
3d6DsjIBzJ4,"Taylor series | Chapter 11, Essence of calculus",3Blue1Brown,Science,https://www.youtube.com/watch?v=3d6DsjIBzJ4
p_di4Zn4wz4,"Differential equations, a tourist's guide | DE1",3Blue1Brown,Science,https://www.youtube.com/watch?v=p_di4Zn4wz4
4ljKpK13BO0,Court Cam: Most DRAMATIC Moments Of All Time | A&E,A&E,News,https://www.youtube.com/watch?v=4ljKpK13BO0
YiM9oosSvNg,"Live PD: Most Viewed Moments from Jeffersonville, Indiana Police Department | A&E",A&E,News,https://www.youtube.com/watch?v=YiM9oosSvNg
QgONIEV7Rh0,60 Days In: The Tater Tot Fight (Season 1 Flashback) | A&E,A&E,News,https://www.youtube.com/watch?v=QgONIEV7Rh0
2Sj2fd6b_Cg,"Live PD: Most Viewed Moments from Richland County, South Carolina | A&E",A&E,News,https://www.youtube.com/watch?v=2Sj2fd6b_Cg
HLedllETYD4,Live PD: Top 5 Busts | A&E,A&E,News,https://www.youtube.com/watch?v=HLedllETYD4
0viKv1RDhak,Court Cam: Russian Man Tries to Escape from Court (Season 2) | A&E,A&E,News,https://www.youtube.com/watch?v=0viKv1RDhak
ii50SWTJSoA,Court Cam: Crowd Cheers for Wrongfully Convicted Man Found NOT Guilty (Season 1) | A&E,A&E,News,https://www.youtube.com/watch?v=ii50SWTJSoA
PIotJjzDyHM,Court Cam: Top 5 Most Disrespectful Defendants | A&E,A&E,News,https://www.youtube.com/watch?v=PIotJjzDyHM
Zn0GBm1ltIk,Live PD: Top 6 Most Unusual Calls | A&E,A&E,News,https://www.youtube.com/watch?v=Zn0GBm1ltIk
ce28TIoa4ao,Live PD: Top 4 Car Chases | A&E,A&E,News,https://www.youtube.com/watch?v=ce28TIoa4ao
-VRx0GRo-Ws,Court Cam: Judge Recognizes Friend from Middle School (Season 2) | A&E,A&E,News,https://www.youtube.com/watch?v=-VRx0GRo-Ws
fxk3ZTusSqI,"Live PD: Most Viewed Moments from East Providence, Rhode Island | A&E",A&E,News,https://www.youtube.com/watch?v=fxk3ZTusSqI
nbBHdhFs1q0,"Live PD: Most Viewed Moments from Slidell, Louisiana Police Department | A&E",A&E,News,https://www.youtube.com/watch?v=nbBHdhFs1q0
s4X-CSFTUfo,Live PD: Most Viewed Moments from Arizona/Phoenix Metro | A&E,A&E,News,https://www.youtube.com/watch?v=s4X-CSFTUfo
iVv_xiIx22Q,"Live PD: Most Viewed Moments from Calvert County, MD | A&E",A&E,News,https://www.youtube.com/watch?v=iVv_xiIx22Q
LqUxOfIdxxo,Live PD: Top 6 Worst Liars | A&E,A&E,News,https://www.youtube.com/watch?v=LqUxOfIdxxo
VqP-2ftKIYI,60 Days In: The Pod Bully (Season 4 Flashback) | A&E,A&E,News,https://www.youtube.com/watch?v=VqP-2ftKIYI
-9JQndAAvLE,Live PD: Most Viewed Moments from Utah Highway Patrol | A&E,A&E,News,https://www.youtube.com/watch?v=-9JQndAAvLE
fA5Z2e86Hns,Behind Bars: Rookie Year: Top 7 Prison Gang Moments | A&E,A&E,News,https://www.youtube.com/watch?v=fA5Z2e86Hns
p6OkpHNtvE4,Watch This Cat RESCUE A CHILD From Dog Attack | An Animal Saved My Life | A&E #shorts,A&E,News,https://www.youtube.com/watch?v=p6OkpHNtvE4
HJyMIjmvp7w,"Live PD: Most Viewed Moments from Greene County, Missouri | A&E",A&E,News,https://www.youtube.com/watch?v=HJyMIjmvp7w
eoFgUT82pTc,Man RISKS HIS LIFE to Rescue Cat From 6th Floor Balcony | Neighborhood Wars | A&E #shorts,A&E,News,https://www.youtube.com/watch?v=eoFgUT82pTc
goxvS5pxLDo,Live PD: Most Viewed Moments from Florida Compilation | A&E,A&E,News,https://www.youtube.com/watch?v=goxvS5pxLDo
XAtzfJcuHjY,Live PD: Most Viewed Moments from 2019 | A&E,A&E,News,https://www.youtube.com/watch?v=XAtzfJcuHjY
9ANWQPD4Ak0,"Live PD: Most Viewed Moments from of Nye County, NV | A&E",A&E,News,https://www.youtube.com/watch?v=9ANWQPD4Ak0
8NLE8d4GW-Y,"Live PD: Cop Calls w/ Jeffersonville, Indiana Police Department | A&E",A&E,News,https://www.youtube.com/watch?v=8NLE8d4GW-Y
LiEFyZGcK5c,"Live PD: Most Viewed Moments from Missoula County, Montana - Part 2 | A&E",A&E,News,https://www.youtube.com/watch?v=LiEFyZGcK5c
ZLuxpDxhHYA,"Live PD: Most Viewed Moments from Lake County, Illinois Sheriff's Office (Part 1) | A&E",A&E,News,https://www.youtube.com/watch?v=ZLuxpDxhHYA
YiEj9mrqTN0,"Live PD: Most Viewed Moments from Walton County, FL | A&E",A&E,News,https://www.youtube.com/watch?v=YiEj9mrqTN0
IF59QNrF1VQ,60 Days In: Top 5 Moments From Clark County Jail | A&E,A&E,News,https://www.youtube.com/watch?v=IF59QNrF1VQ
-gal8E_dgE8,Day In The Life of A Michelin Star Chef,About To Eat,Food,https://www.youtube.com/watch?v=-gal8E_dgE8
29ZP8ADQJ1Y,Day In The Life Of An Indian Master Chef,About To Eat,Food,https://www.youtube.com/watch?v=29ZP8ADQJ1Y
rRSOt9SpBMI,$20 Whole Chicken Vs. $78 Whole Chicken,About To Eat,Food,https://www.youtube.com/watch?v=rRSOt9SpBMI
0U_Mpg59FSw,Worth It: Japan Marathon,About To Eat,Food,https://www.youtube.com/watch?v=0U_Mpg59FSw
4G6Y6glM_hg,I Only Made Korean Food For 24 Hours,About To Eat,Food,https://www.youtube.com/watch?v=4G6Y6glM_hg
pJbC7W2fMvQ,I Tried $800 Sushi Takeout,About To Eat,Food,https://www.youtube.com/watch?v=pJbC7W2fMvQ
eHSvv8eSsvc,How I Cooked 25 Pounds Of Potatoes,About To Eat,Food,https://www.youtube.com/watch?v=eHSvv8eSsvc
CmI2dXo14sY,$6 Sauce Vs. $185 Sauce,About To Eat,Food,https://www.youtube.com/watch?v=CmI2dXo14sY
PlI3gjkcPz0,I Only Made Indian Food For 24 Hours,About To Eat,Food,https://www.youtube.com/watch?v=PlI3gjkcPz0
Bhos_P4a-JQ,$4 Dessert Vs. $235 Dessert,About To Eat,Food,https://www.youtube.com/watch?v=Bhos_P4a-JQ
uJa584PPm-E,Worth It: Taiwan Marathon,About To Eat,Food,https://www.youtube.com/watch?v=uJa584PPm-E
48DD3kekP3E,How I Cooked 20 Pounds of Tomatoes,About To Eat,Food,https://www.youtube.com/watch?v=48DD3kekP3E
39opX6-QJJI,I Only Ate Pixar Foods For 24 Hours,About To Eat,Food,https://www.youtube.com/watch?v=39opX6-QJJI
AAtoia2BbjE,I Tried Making The Most Difficult Omurice (Again),About To Eat,Food,https://www.youtube.com/watch?v=AAtoia2BbjE
wkPxBltQzzg,I Tried $249 Korean BBQ Takeout,About To Eat,Food,https://www.youtube.com/watch?v=wkPxBltQzzg
rA1Kjvxu28w,Do I Need This $500 Kitchen Knife In My Life?,About To Eat,Food,https://www.youtube.com/watch?v=rA1Kjvxu28w
xlPJfeNzBzE,3 Ways We Make A Whole Chicken,About To Eat,Food,https://www.youtube.com/watch?v=xlPJfeNzBzE
UT9a7EtxQOM,How Rie and Alvin Make Egg Fried Rice At Home,About To Eat,Food,https://www.youtube.com/watch?v=UT9a7EtxQOM
h5st8mluVUo,Using a $160 Cast Iron For 30 Days,About To Eat,Food,https://www.youtube.com/watch?v=h5st8mluVUo
Uk3-FxTF-BU,I Made This 96-Hour Ox Tongue Stew From Worth It,About To Eat,Food,https://www.youtube.com/watch?v=Uk3-FxTF-BU
LHx63zUMLpM,Using A $329 Toaster For 30 Days,About To Eat,Food,https://www.youtube.com/watch?v=LHx63zUMLpM
F3RGIBExjfE,How I Cooked 200 Cloves of Garlic,About To Eat,Food,https://www.youtube.com/watch?v=F3RGIBExjfE
uxhgrd6HWVw,3 Ways We Use Cast Iron,About To Eat,Food,https://www.youtube.com/watch?v=uxhgrd6HWVw
whJgPudKgE0,I Recreated This Cheese-Crusted Burrito,About To Eat,Food,https://www.youtube.com/watch?v=whJgPudKgE0
IsGWMxZhlOY,4 Ways We Use Tofu,About To Eat,Food,https://www.youtube.com/watch?v=IsGWMxZhlOY
iCd5Po4fPb0,I Only Made Binging With Babish Food For 24 Hours,About To Eat,Food,https://www.youtube.com/watch?v=iCd5Po4fPb0
nUSI5uUocho,I Made These Fries and Ketchup From Worth It,About To Eat,Food,https://www.youtube.com/watch?v=nUSI5uUocho
0GCuvcTI090,12 Things NOT to do in Japan,Abroad in Japan,Blog,https://www.youtube.com/watch?v=0GCuvcTI090
-tBy2jemw4s,Japan's Biggest Gaming Obsession Explained | Pachinko,Abroad in Japan,Blog,https://www.youtube.com/watch?v=-tBy2jemw4s
SkY1DiyCqTU,How Expensive is it to Travel Japan? | Budget Travel Tips,Abroad in Japan,Blog,https://www.youtube.com/watch?v=SkY1DiyCqTU
U7Q3sKNuZA0,Staying at a Tokyo Capsule Hotel,Abroad in Japan,Blog,https://www.youtube.com/watch?v=U7Q3sKNuZA0
aVT0BvWZcLg,Inside Japan's SLEEPER Train | $160 FIRST CLASS Room,Abroad in Japan,Blog,https://www.youtube.com/watch?v=aVT0BvWZcLg
icwENiwT1zI,Inside Japan's Most Expensive Bullet Train | $750 Seat,Abroad in Japan,Blog,https://www.youtube.com/watch?v=icwENiwT1zI
3LS83dDqoGU,Living in Japan: Culture Shock!,Abroad in Japan,Blog,https://www.youtube.com/watch?v=3LS83dDqoGU
IXgX_r-x-XE,INSIDE A JAPANESE LOVE HOTEL,Abroad in Japan,Blog,https://www.youtube.com/watch?v=IXgX_r-x-XE
fso4yjbgceY,What Owning a Love Hotel in Japan is Like,Abroad in Japan,Blog,https://www.youtube.com/watch?v=fso4yjbgceY
qKFep4ekvx0,Japan's Most Expensive Beef | Wagyu,Abroad in Japan,Blog,https://www.youtube.com/watch?v=qKFep4ekvx0
5VmCvChcGzU,Being Rudely Awoken by a North Korean Missile,Abroad in Japan,Blog,https://www.youtube.com/watch?v=5VmCvChcGzU
nfpWAqK0YZE,12 Reasons NOT to Move to Japan,Abroad in Japan,Blog,https://www.youtube.com/watch?v=nfpWAqK0YZE
fmOP68S5v7c,"How Difficult is Travelling Japan without Japanese? | Travel Tips",Abroad in Japan,Blog,https://www.youtube.com/watch?v=fmOP68S5v7c
5VDnj8IEWNc,What Teaching English in Japan was REALLY Like,Abroad in Japan,Blog,https://www.youtube.com/watch?v=5VDnj8IEWNc
_IOZbJ7PCPk,"Speaking Japanese Fluently in 6 Months | 6 Steps to Success",Abroad in Japan,Blog,https://www.youtube.com/watch?v=_IOZbJ7PCPk
wwH3rA8Evow,DON'T GET FAT IN JAPAN,Abroad in Japan,Blog,https://www.youtube.com/watch?v=wwH3rA8Evow
HEaaln5jDl8,I Spent a Week with Japan's Biggest Rock Star,Abroad in Japan,Blog,https://www.youtube.com/watch?v=HEaaln5jDl8
faJM9iQZMbQ,21 Things to do When You Arrive in Japan,Abroad in Japan,Blog,https://www.youtube.com/watch?v=faJM9iQZMbQ
mtnVU4BU39E,Why I DON'T Watch JAPANESE TV,Abroad in Japan,Blog,https://www.youtube.com/watch?v=mtnVU4BU39E
ueTa3dytTuY,"Visiting Japan: 5 Reasons Why It'll Be Awesome",Abroad in Japan,Blog,https://www.youtube.com/watch?v=ueTa3dytTuY
u240yK8_fVM,Staying at a Traditional Japanese Inn & Hot Spring | Ryokan,Abroad in Japan,Blog,https://www.youtube.com/watch?v=u240yK8_fVM
tORfGTrr1ww,"What a $20,000/Month Japanese Apartment is Like | Tokyo Home Tour",Abroad in Japan,Blog,https://www.youtube.com/watch?v=tORfGTrr1ww
tLExSqNNMPc,What NO-ONE Tells You About Japan,Abroad in Japan,Blog,https://www.youtube.com/watch?v=tLExSqNNMPc
l3ifRE7BQiM,Japanese Nightlife Etiquette | Beginner's Travel Guide,Abroad in Japan,Blog,https://www.youtube.com/watch?v=l3ifRE7BQiM
TwPHIABVdg8,Is this Japan's Most Mouthwatering Ramen?,Abroad in Japan,Blog,https://www.youtube.com/watch?v=TwPHIABVdg8
yWwfNmIIc_Q,"Tokyo's Freshest Sushi | Tsukiji Fishmarket",Abroad in Japan,Blog,https://www.youtube.com/watch?v=yWwfNmIIc_Q
AHuj4DCueO4,6 Must Try Japanese Dishes in Tokyo | Tsukiji Street Food,Abroad in Japan,Blog,https://www.youtube.com/watch?v=AHuj4DCueO4
RuAQo97K-zE,26 Traits Japanese Girls Want in a Guy,Abroad in Japan,Blog,https://www.youtube.com/watch?v=RuAQo97K-zE
M400lV0GNV4,"I Tried EVERY Japanese Fried Chicken | Ft. @CDawgVA",Abroad in Japan,Blog,https://www.youtube.com/watch?v=M400lV0GNV4
j5gy6QLq8wg,6 Must Try Japanese Foods | Iwate,Abroad in Japan,Blog,https://www.youtube.com/watch?v=j5gy6QLq8wg
TjP0UgI8CTg,BROKE vs PRO Gaming,Austin Evans,Tech,https://www.youtube.com/watch?v=TjP0UgI8CTg
7Fjn4GRw8qE,"Xbox Series X Hands On, Gameplay & Controller!",Austin Evans,Tech,https://www.youtube.com/watch?v=7Fjn4GRw8qE
HtJa9jJdzac,Building the Ultimate PS4,Austin Evans,Tech,https://www.youtube.com/watch?v=HtJa9jJdzac
KM0ZV1X9o7o,Razer Just Made The Best Gaming Keyboard...,Austin Evans,Tech,https://www.youtube.com/watch?v=KM0ZV1X9o7o
5pP8TLwO_Ks,This Will Kill Your Computer,Austin Evans,Tech,https://www.youtube.com/watch?v=5pP8TLwO_Ks
6ghOAKzQMGY,Is a $100 Game Console Worth It?,Austin Evans,Tech,https://www.youtube.com/watch?v=6ghOAKzQMGY
G_ZxvxtUwus,Building the Ultimate Nintendo Switch,Austin Evans,Tech,https://www.youtube.com/watch?v=G_ZxvxtUwus
KrMvtS7DAlM,Building the Ultimate Xbox One,Austin Evans,Tech,https://www.youtube.com/watch?v=KrMvtS7DAlM
E9-x3jRSQvQ,How to Build a Gaming PC in 2020,Austin Evans,Tech,https://www.youtube.com/watch?v=E9-x3jRSQvQ
-naamtpQ8lw,BROKE vs PRO Gaming Setup,Austin Evans,Tech,https://www.youtube.com/watch?v=-naamtpQ8lw
5NX-U36VDis,Building the Ultimate PS4 Pro,Austin Evans,Tech,https://www.youtube.com/watch?v=5NX-U36VDis
ObQhpDQzfXE,Top 5 Gaming Life Hacks!,Austin Evans,Tech,https://www.youtube.com/watch?v=ObQhpDQzfXE
PGqZkOveLb8,It's All Gone,Austin Evans,Tech,https://www.youtube.com/watch?v=PGqZkOveLb8
Q1UXZs-yWDc,How NOT to Buy a Gaming PC,Austin Evans,Tech,https://www.youtube.com/watch?v=Q1UXZs-yWDc
4o_JjYV1OZE,I Bought EVERY Console at GameStop...,Austin Evans,Tech,https://www.youtube.com/watch?v=4o_JjYV1OZE
_RKYQdUUttc,Trying The Cheapest Keyboards on Amazon...,Austin Evans,Tech,https://www.youtube.com/watch?v=_RKYQdUUttc
VmzQ2hdfQcs,iPhone 6 vs Samsung Galaxy S5 Speed Test!,Austin Evans,Tech,https://www.youtube.com/watch?v=VmzQ2hdfQcs
16q8_32M03k,The Ultimate PlayStation Comparison,Austin Evans,Tech,https://www.youtube.com/watch?v=16q8_32M03k
r-7UBVzjO8Y,The Biggest vs Smallest Laptop?,Austin Evans,Tech,https://www.youtube.com/watch?v=r-7UBVzjO8Y
0Xi2rurVAvs,Can You Play Fortnite on a $200 Laptop?,Austin Evans,Tech,https://www.youtube.com/watch?v=0Xi2rurVAvs
4hCy4-G37jA,How To Waste $1811.42...,Austin Evans,Tech,https://www.youtube.com/watch?v=4hCy4-G37jA
N1uHX_WQsEY,Use a Keyboard and Mouse on PS4 & Xbox One!,Austin Evans,Tech,https://www.youtube.com/watch?v=N1uHX_WQsEY
X3XkG6GL_DM,$50 Gaming PC Challenge!,Austin Evans,Tech,https://www.youtube.com/watch?v=X3XkG6GL_DM
tXqQs7oMwmg,Is PlayStation VR Worth It?,Austin Evans,Tech,https://www.youtube.com/watch?v=tXqQs7oMwmg
SzkHeDPTLOg,I Wasted $200 on Wish...,Austin Evans,Tech,https://www.youtube.com/watch?v=SzkHeDPTLOg
FcX0pkXSKl4,Building the Ultimate Xbox 360,Austin Evans,Tech,https://www.youtube.com/watch?v=FcX0pkXSKl4
0SmVHslppDQ,Building the Portable PS4,Austin Evans,Tech,https://www.youtube.com/watch?v=0SmVHslppDQ
s_Sf4wfwvzI,Top 5 Worst Phones Ever!,Austin Evans,Tech,https://www.youtube.com/watch?v=s_Sf4wfwvzI
Y80ZTbjtz5c,Gaming Life Hacks,Austin Evans,Tech,https://www.youtube.com/watch?v=Y80ZTbjtz5c
GpMP6Nh3FvU,The Dark Side Of The Silk Road,Barely Sociable,Informative,https://www.youtube.com/watch?v=GpMP6Nh3FvU
_28b0P_6VvY,The Mysterious Phone Number From The 90's,Barely Sociable,Informative,https://www.youtube.com/watch?v=_28b0P_6VvY
1ci3l7pnfdk,Mortis - Internet Mysteries,Barely Sociable,Informative,https://www.youtube.com/watch?v=1ci3l7pnfdk
1VZkiQUzITU,Dream - The Infiltration Of The Dark Net,Barely Sociable,Informative,https://www.youtube.com/watch?v=1VZkiQUzITU
pl20NdwAs3k,The Mysterious Black Box Of Flight 980 - An Unsolved Mystery,Barely Sociable,Informative,https://www.youtube.com/watch?v=pl20NdwAs3k
eS_rEzKdzBA,"The Scientist That ""Discovered Antigravity"" Then Disappeared Completely - An Unsolved Mystery",Barely Sociable,Informative,https://www.youtube.com/watch?v=eS_rEzKdzBA
NCPNTsKBZS0,What Is Going On With Room 322? - Reddit Mysteries,Barely Sociable,Informative,https://www.youtube.com/watch?v=NCPNTsKBZS0
_OzpODjTISc,Exploring A Reddit Cult,Barely Sociable,Informative,https://www.youtube.com/watch?v=_OzpODjTISc
7vQyrlW8ahw,A Redditor's Dark Confession,Barely Sociable,Informative,https://www.youtube.com/watch?v=7vQyrlW8ahw
tF0dCNxfYHk,Lake City Quiet Pills Explained - Reddit Mysteries,Barely Sociable,Informative,https://www.youtube.com/watch?v=tF0dCNxfYHk
9na8UBoncy4,Who Is Canada's Unidentified Maximum Security Prisoner?,Barely Sociable,Informative,https://www.youtube.com/watch?v=9na8UBoncy4
q-1HikE4b54,"The Book Tied To 75,000 Disappearances",Barely Sociable,Informative,https://www.youtube.com/watch?v=q-1HikE4b54
6PtiY-ev2qA,The Hospital Abandoned Without A Reason (Ft. ReignBot),Barely Sociable,Informative,https://www.youtube.com/watch?v=6PtiY-ev2qA
snWvNkJCCs8,The SOS Sign Incident - An Unsolved Mystery,Barely Sociable,Informative,https://www.youtube.com/watch?v=snWvNkJCCs8
OA6F6liLnvc,"Lets Not Meet Case File - Jacqueline Ades",Barely Sociable,Informative,https://www.youtube.com/watch?v=OA6F6liLnvc
_Kav2K1DVWo,"The Most Elusive Identity On The Internet - Pt. 1 (Ft. Nexpo)",Barely Sociable,Informative,https://www.youtube.com/watch?v=_Kav2K1DVWo
1R97tphpD_M,"The Most Corrupt Investigation In Aviation History - The Mysterious Fate Of Pan Am Flight 7",Barely Sociable,Informative,https://www.youtube.com/watch?v=1R97tphpD_M
q9XmXad_wmo,What Was Neurocam? - Internet Mysteries,Barely Sociable,Informative,https://www.youtube.com/watch?v=q9XmXad_wmo
k_B3a2cCqo0,Redditor Under Surveillance,Barely Sociable,Informative,https://www.youtube.com/watch?v=k_B3a2cCqo0
NMDZcbkgpJA,The Bizarre Disappearance Of A Canadian CEO - An Unsolved Mystery,Barely Sociable,Informative,https://www.youtube.com/watch?v=NMDZcbkgpJA
KQMZexRllNs,How A Lost FBI Tape Surfaced On YouTube Ft. BlameItOnJorge,Barely Sociable,Informative,https://www.youtube.com/watch?v=KQMZexRllNs
XfcvX0P1b5g,Bitcoin - Unmasking Satoshi Nakamoto,Barely Sociable,Informative,https://www.youtube.com/watch?v=XfcvX0P1b5g
vboQOQwifwg,Solving The Internet's Oldest Mystery,Barely Sociable,Informative,https://www.youtube.com/watch?v=vboQOQwifwg
xEeyLDTAkK8,The Fake Diploma Forum Spammer - Internet Oddities,Barely Sociable,Informative,https://www.youtube.com/watch?v=xEeyLDTAkK8
HnE60IVm51E,The Dark Web Saga Of Besa Mafia,Barely Sociable,Informative,https://www.youtube.com/watch?v=HnE60IVm51E
fMWnaR5uJxQ,The Most Elusive Identity On The Internet - Pt. 2,Barely Sociable,Informative,https://www.youtube.com/watch?v=fMWnaR5uJxQ
DBkONFkdWSM,The Cryptic Last Words Sent From A World Famous Yacht,Barely Sociable,Informative,https://www.youtube.com/watch?v=DBkONFkdWSM
CwwZFxH1W4c,"What Is Really Going On With U.S. Army Esports?",Barely Sociable,Informative,https://www.youtube.com/watch?v=CwwZFxH1W4c
wSN8L2SrZOg,Moment judge recognised school friend in dock - BBC News,BBC News,News,https://www.youtube.com/watch?v=wSN8L2SrZOg
Mh4f9AYRCZY,"Children interrupt BBC News interview - BBC News",BBC News,News,https://www.youtube.com/watch?v=Mh4f9AYRCZY
vvOI3dQ5a30,"Listen to 3 year old's emergency call after pregnant mum falls down stairs - BBC News",BBC News,News,https://www.youtube.com/watch?v=vvOI3dQ5a30
7WMebV5qt3s,'Internet meme ruined my career' BBC News,BBC News,News,https://www.youtube.com/watch?v=7WMebV5qt3s
LUwj1-1-M1Q,"Sex addiction: Five times a day 'wasn't enough' - BBC News",BBC News,News,https://www.youtube.com/watch?v=LUwj1-1-M1Q
RwTAgom_VX8,Mia Khalifa: Why I’m speaking out about the porn industry - BBC News,BBC News,News,https://www.youtube.com/watch?v=RwTAgom_VX8
PLMSoD1riE0,"Prof Robert Kelly is back & this time his wife & children are meant to be in shot! BBC News",BBC News,News,https://www.youtube.com/watch?v=PLMSoD1riE0
LQicq60aJaw,FULL Interview: Prince Harry and Meghan Markle - BBC News,BBC News,News,https://www.youtube.com/watch?v=LQicq60aJaw
u935ULhrwtQ,US governor's sleepy son invades stage - BBC News,BBC News,News,https://www.youtube.com/watch?v=u935ULhrwtQ
qvIUa47x_Oc,"Dennis Skinner kicked out of Commons for calling David Cameron ""dodgy Dave"" - BBC News",BBC News,News,https://www.youtube.com/watch?v=qvIUa47x_Oc
XDniN3k5aQ8,"Yazidi survivor: 'I was raped every day for six months' - BBC News",BBC News,News,https://www.youtube.com/watch?v=XDniN3k5aQ8
PmV631kroUU,India overwhelmed by world’s worst Covid crisis - BBC News,BBC News,News,https://www.youtube.com/watch?v=PmV631kroUU
DDo4CA13LbY,Jimmy Page: How Stairway to Heaven was written - BBC News,BBC News,News,https://www.youtube.com/watch?v=DDo4CA13LbY
6VixqvOcK8E,"Ben Shapiro: US commentator clashes with BBC's Andrew Neil - BBC News",BBC News,News,https://www.youtube.com/watch?v=6VixqvOcK8E
JqhCAORmsaE,"World's 'poorest president' Uruguay's Jose Mujica & his $1m VW",BBC News,News,https://www.youtube.com/watch?v=JqhCAORmsaE
CEwIHNNJZvo,China's uphill struggle fighting extreme poverty - BBC News,BBC News,News,https://www.youtube.com/watch?v=CEwIHNNJZvo
TaliInOFKIA,Baby accidentally given to wrong couple reunited with real parents - BBC News,BBC News,News,https://www.youtube.com/watch?v=TaliInOFKIA
o0G0Eub6YmY,Twins reunited after 70 years apart - BBC News,BBC News,News,https://www.youtube.com/watch?v=o0G0Eub6YmY
3VHTquIQBBo,Coping with our daughter's new face - BBC News,BBC News,News,https://www.youtube.com/watch?v=3VHTquIQBBo
_xgJL3LA-WE,Judge Mindy Glazer recognises another defendant - BBC News,BBC News,News,https://www.youtube.com/watch?v=_xgJL3LA-WE
t17O2AKa2FU,"Australian man interrupts PM Morrison to say 'get off my lawn' - BBC News",BBC News,News,https://www.youtube.com/watch?v=t17O2AKa2FU
LKXvdyNz6L8,"Mariana Trench: Record-breaking journey to the bottom of the ocean - BBC News",BBC News,News,https://www.youtube.com/watch?v=LKXvdyNz6L8
tbKp8OV6F64,The lost streets of Chicago - BBC News,BBC News,News,https://www.youtube.com/watch?v=tbKp8OV6F64
UXR_bqyAy4E,"Chaos in Washington as Trump supporters storm Capitol and force lockdown of Congress - BBC News",BBC News,News,https://www.youtube.com/watch?v=UXR_bqyAy4E
Y5yCbi4qcpk,Taliban seize power in Afghanistan as President flees country - BBC News,BBC News,News,https://www.youtube.com/watch?v=Y5yCbi4qcpk
k_tQk25pR60,Fastest violinist in the world - BBC News,BBC News,News,https://www.youtube.com/watch?v=k_tQk25pR60
qWAagS_MANg,Every Way to Cook an Egg (59 Methods) | Bon Appétit,Bon Appétit,Food,https://www.youtube.com/watch?v=qWAagS_MANg
WrOzwoMKzH4,How To Butcher An Entire Cow: Every Cut Of Meat Explained | Bon Appetit,Bon Appétit,Food,https://www.youtube.com/watch?v=WrOzwoMKzH4
TudhYwBrgYg,Pastry Chef Attempts to Make a Perfect Croquembouche | Bon Appétit,Bon Appétit,Food,https://www.youtube.com/watch?v=TudhYwBrgYg
l9uH1E-4t90,Carrot Cake, 3 Ways: Home Cook, Pro, and Food Scientist | Bon Appétit,Bon Appétit,Food,https://www.youtube.com/watch?v=l9uH1E-4t90
F2L1169p0s0,5 levels of S'mores with a Pastry Chef | Bon Appétit,Bon Appétit,Food,https://www.youtube.com/watch?v=F2L1169p0s0
lqX7R8p9n50,Recreating Ghibli's Fried Egg on Toast from Castle in the Sky | Bon Appétit,Bon Appétit,Food,https://www.youtube.com/watch?v=lqX7R8p9n50
hGzY457aYtM,I Made a 100-Layer Lasagna | Bon Appétit,Bon Appétit,Food,https://www.youtube.com/watch?v=hGzY457aYtM
t6A57Qo6n1A,Every Way to Peel a Boiled Egg | Bon Appétit,Bon Appétit,Food,https://www.youtube.com/watch?v=t6A57Qo6n1A
2rJ8Q_dE7gI,Every Way to Cook a Steak | Bon Appétit,Bon Appétit,Food,https://www.youtube.com/watch?v=2rJ8Q_dE7gI
X31f13-6V3c,Every Way to Cook Pasta (30 Methods) | Bon Appétit,Bon Appétit,Food,https://www.youtube.com/watch?v=X31f13-6V3c
x524qjK5s_4,"Every Way to Cook Fish (23 Methods) | Bon Appétit",Bon Appétit,Food,https://www.youtube.com/watch?v=x524qjK5s_4
-o05-t-D5A8,Pastry Chef Attempts to Make the Ultimate Croissant | Bon Appétit,Bon Appétit,Food,https://www.youtube.com/watch?v=-o05-t-D5A8
_Ym_qS7uT88,Every Way to Cook a Potato (35 Methods) | Bon Appétit,Bon Appétit,Food,https://www.youtube.com/watch?v=_Ym_qS7uT88
JtF2gMv-N20,Every Way to Cook a Chicken (25 Methods) | Bon Appétit,Bon Appétit,Food,https://www.youtube.com/watch?v=JtF2gMv-N20
U9zCq6f4tM4,How to Make the Ultimate Chicken Stock | Bon Appétit,Bon Appétit,Food,https://www.youtube.com/watch?v=U9zCq6f4tM4
8z_2Y4bS-7Q,Recreating Ghibli's Rice Porridge from Princess Mononoke | Bon Appétit,Bon Appétit,Food,https://www.youtube.com/watch?v=8z_2Y4bS-7Q
p-6u83S522Y,"Every Way to Make Tacos (40 Methods) | Bon Appétit",Bon Appétit,Food,https://www.youtube.com/watch?v=p-6u83S522Y
04y6J28T27M,Making the Perfect Pizza, 3 Ways: Home Cook, Pro, and Food Scientist | Bon Appétit,Bon Appétit,Food,https://www.youtube.com/watch?v=04y6J28T27M
r-q74q-I53Y,Every Way to Make Chocolate Chip Cookies | Bon Appétit,Bon Appétit,Food,https://www.youtube.com/watch?v=r-q74q-I53Y
7lXpW6Wqf9g,Every Way to Make Mac and Cheese (13 Methods) | Bon Appétit,Bon Appétit,Food,https://www.youtube.com/watch?v=7lXpW6Wqf9g
Y2W5kXwL26Y,Recreating Ghibli's Herring Pie from Kiki's Delivery Service | Bon Appétit,Bon Appétit,Food,https://www.youtube.com/watch?v=Y2W5kXwL26Y
2h0981979-M,Making a Perfect Burger, 3 Ways: Home Cook, Pro, and Food Scientist | Bon Appétit,Bon Appétit,Food,https://www.youtube.com/watch?v=2h0981979-M
0Fz4_Jm34fA,"Pastry Chef Attempts to Make a Perfect Eclair | Bon Appétit",Bon Appétit,Food,https://www.youtube.com/watch?v=0Fz4_Jm34fA
wA3hI_GzV2o,"Every Way to Cook Bacon (15 Methods) | Bon Appétit",Bon Appétit,Food,https://www.youtube.com/watch?v=wA3hI_GzV2o
tT4Y9G3-z-0,"Pastry Chef Attempts to Make a Perfect Chocolate Cake | Bon Appétit",Bon Appétit,Food,https://www.youtube.com/watch?v=tT4Y9G3-z-0
fJ5y-w-k-fU,"Every Way to Cook Chicken Wings (16 Methods) | Bon Appétit",Bon Appétit,Food,https://www.youtube.com/watch?v=fJ5y-w-k-fU
R4w_K1J6T8I,"Recreating Ghibli's Ramen from Ponyo | Bon Appétit",Bon Appétit,Food,https://www.youtube.com/watch?v=R4w_K1J6T8I
1M69B60kO1M,I Made a 100-Layer Croque-en-Bouche | Bon Appétit,Bon Appétit,Food,https://www.youtube.com/watch?v=1M69B60kO1M
t4v4u225v8E,Every Way to Make Pancakes (16 Methods) | Bon Appétit,Bon Appétit,Food,https://www.youtube.com/watch?v=t4v4u225v8E
YJ3k7xJ7J7s,Every Way to Make Toast (25 Methods) | Bon Appétit,Bon Appétit,Food,https://www.youtube.com/watch?v=YJ3k7xJ7J7s
-2-zU-8f5yQ,Making Perfect Pizza Dough, 3 Ways: Home Cook, Pro, and Food Scientist | Bon Appétit,Bon Appétit,Food,https://www.youtube.com/watch?v=-2-zU-8f5yQ
Qy0yK9dY9-4,"Every Way to Make a Sandwich (20 Methods) | Bon Appétit",Bon Appétit,Food,https://www.youtube.com/watch?v=Qy0yK9dY9-4
112hE8hM6v0,"Every Way to Make Soup (24 Methods) | Bon Appétit",Bon Appétit,Food,https://www.youtube.com/watch?v=112hE8hM6v0
fJ83e_P-EaY,Every Way to Make Fried Chicken | Bon Appétit,Bon Appétit,Food,https://www.youtube.com/watch?v=fJ83e_P-EaY
l89B1m-p3F4,Everything You Need To Know To Get Started With Your Mac | Brian Tong,Brian Tong,Tech,https://www.youtube.com/watch?v=l89B1m-p3F4
u0e_t6y94iE,I FINALLY got a new Mac! The New iMac Is Here!,Brian Tong,Tech,https://www.youtube.com/watch?v=u0e_t6y94iE
gO363bH7hUo,The M1 iPad Pro is a BEAST!,Brian Tong,Tech,https://www.youtube.com/watch?v=gO363bH7hUo
k3eD46A-z50,Mac Mini M1 Review | This Is All The Computer You Need,Brian Tong,Tech,https://www.youtube.com/watch?v=k3eD46A-z50
_fJkYf9u_Qk,MacBook Air M1 Review - THIS Is The Laptop For Most People,Brian Tong,Tech,https://www.youtube.com/watch?v=_fJkYf9u_Qk
Jb0XFhI6Lh4,New iMac Review with M1: I'm Very Impressed!,Brian Tong,Tech,https://www.youtube.com/watch?v=Jb0XFhI6Lh4
9e97I4k-W78,iPhone 12 Review - Is The Hype Real?,Brian Tong,Tech,https://www.youtube.com/watch?v=9e97I4k-W78
N0R_9Fj8JzE,The Truth About the M1 MacBook Pro!,Brian Tong,Tech,https://www.youtube.com/watch?v=N0R_9Fj8JzE
3UvX9QkO69s,Apple AirTags First Look - I Found My Stuff!,Brian Tong,Tech,https://www.youtube.com/watch?v=3UvX9QkO69s
h-3s4sP-VjQ,24 Hours with my Apple Watch Series 6!,Brian Tong,Tech,https://www.youtube.com/watch?v=h-3s4sP-VjQ
p6y0Q5Sj-V8,iPad Air 4 (2020) Review - The One To Get!,Brian Tong,Tech,https://www.youtube.com/watch?v=p6y0Q5Sj-V8
Q84jH_83QxE,M1 MacBook Pro 13-inch | 1 Week In,Brian Tong,Tech,https://www.youtube.com/watch?v=Q84jH_83QxE
N282aFv-6e4,Apple Watch Series 6 Unboxing & First Look!,Brian Tong,Tech,https://www.youtube.com/watch?v=N282aFv-6e4
I2o9D6g9v_E,"iPhone 12 Pro Max Review - Don't Get The iPhone 12 Pro",Brian Tong,Tech,https://www.youtube.com/watch?v=I2o9D6g9v_E
D8D0u94833c,"iPhone 11 Pro Review - Why It's The Best!",Brian Tong,Tech,https://www.youtube.com/watch?v=D8D0u94833c
Rk_R07Ie-iQ,PS5 Unboxing & First Look!,Brian Tong,Tech,https://www.youtube.com/watch?v=Rk_R07Ie-iQ
mFjI-o_u5-M,"iPhone 11 Review - THIS Is The One To Buy",Brian Tong,Tech,https://www.youtube.com/watch?v=mFjI-o_u5-M
C6p3fC_g76w,Apple Watch SE Unboxing & First Look!,Brian Tong,Tech,https://www.youtube.com/watch?v=C6p3fC_g76w
0W-n8-zU_L4,"iPad Pro 2020 Review - Everything You Need To Know",Brian Tong,Tech,https://www.youtube.com/watch?v=0W-n8-zU_L4
6vN9kCg9450,"iPhone 12 Pro Review - Is it worth the Pro price?",Brian Tong,Tech,https://www.youtube.com/watch?v=6vN9kCg9450
hGg_z1s6MvA,iPhone SE 2020 Review - The New iPhone King!,Brian Tong,Tech,https://www.youtube.com/watch?v=hGg_z1s6MvA
w4p1s_l6eW0,Unboxing The New Apple TV 4K (2021) and First Look!,Brian Tong,Tech,https://www.youtube.com/watch?v=w4p1s_l6eW0
p9BwXQJz630,HomePod Mini Review - I Miss The Big One,Brian Tong,Tech,https://www.youtube.com/watch?v=p9BwXQJz630
tP07r_0_k7Q,My First Day with iPhone 12 Pro!,Brian Tong,Tech,https://www.youtube.com/watch?v=tP07r_0_k7Q
1T817sK097g,New MacBook Pro 14 inch | 1st Look!,Brian Tong,Tech,https://www.youtube.com/watch?v=1T817sK097g
vGj_xJ50J_U,iPad Pro (2021) Review, Marques Brownlee,Tech,https://www.youtube.com/watch?v=vGj_xJ50J_U
O1K-E4V4Tkw,"The Apple Car Has Already Arrived",Marques Brownlee,Tech,https://www.youtube.com/watch?v=O1K-E4V4Tkw
q-D88oK3g0w,The Google Pixel 6 Pro Review: All The Right Moves!,Marques Brownlee,Tech,https://www.youtube.com/watch?v=q-D88oK3g0w
I1v3j9F_w4w,"The Most Honest Android Phone",Marques Brownlee,Tech,https://www.youtube.com/watch?v=I1v3j9F_w4w
WJg629V5u1g,"The Best Laptop for EVERYONE, 2021",Marques Brownlee,Tech,https://www.youtube.com/watch?v=WJg629V5u1g
vB-j0Wn6p98,iPhone 13 Review: This Is It!,Marques Brownlee,Tech,https://www.youtube.com/watch?v=vB-j0Wn6p98
1-g3o3J9K4k,The iPhone SE Review: A Great Phone, but a Complicated Idea!,Marques Brownlee,Tech,https://www.youtube.com/watch?v=1-g3o3J9K4k
e-bM7-g-Iuw,"The NEW Apple Watch Series 7 Review!",Marques Brownlee,Tech,https://www.youtube.com/watch?v=e-bM7-g-Iuw
Tj1X1e7u-kU,The MacBook Pro 14 and 16 Review: A Return to Form!,Marques Brownlee,Tech,https://www.youtube.com/watch?v=Tj1X1e7u-kU
2y0X5k0E_e8,The Xbox Series X Review: Big and Quiet!,Marques Brownlee,Tech,https://www.youtube.com/watch?v=2y0X5k0E_e8
O7C9eYc-jX4,The iPhone 12 Pro Review: Worth the Wait!,Marques Brownlee,Tech,https://www.youtube.com/watch?v=O7C9eYc-jX4
iF_0y8S9z50,The AirTags Review: A Familiar Problem!,Marques Brownlee,Tech,https://www.youtube.com/watch?v=iF_0y8S9z50
_qV_EaJv7zI,M1 MacBook Air Review: No More Questions!,Marques Brownlee,Tech,https://www.youtube.com/watch?v=_qV_EaJv7zI
yE_S2aN88QY,The 16-inch MacBook Pro Review: New Tricks!,Marques Brownlee,Tech,https://www.youtube.com/watch?v=yE_S2aN88QY
OQWfT5_Q1rI,The Google Pixel 5 Review: A Refreshing Return to Form!,Marques Brownlee,Tech,https://www.youtube.com/watch?v=OQWfT5_Q1rI
Y9Qx7lI3c4I,The Samsung Galaxy S21 Ultra Review: More Than Just a S Pen!,Marques Brownlee,Tech,https://www.youtube.com/watch?v=Y9Qx7lI3c4I
P_uQ3yA_8aE,The Tesla Model S Plaid Review: Ludicrous!,Marques Brownlee,Tech,https://www.youtube.com/watch?v=P_uQ3yA_8aE
QzS6L9gC19w,The PS5 Review: A Huge and Quiet Upgrade!,Marques Brownlee,Tech,https://www.youtube.com/watch?v=QzS6L9gC19w
hJ-c5P8t-5Y,"The AirPods 3 Review: All The Right Upgrades?",Marques Brownlee,Tech,https://www.youtube.com/watch?v=hJ-c5P8t-5Y
w9yv4Hq39m4,The iPhone 12 Pro Max Review: The Biggest Difference!,Marques Brownlee,Tech,https://www.youtube.com/watch?v=w9yv4Hq39m4
_h1TjWk5W_A,"The HomePod Mini Review: Small, but MIGHTY!",Marques Brownlee,Tech,https://www.youtube.com/watch?v=_h1TjWk5W_A
uG0967i_Wp0,The iPhone 12 Review: Still the Best iPhone for Most People!,Marques Brownlee,Tech,https://www.youtube.com/watch?v=uG0967i_Wp0
6-yNfVqX04U,"The Google Pixel 6 Review: Back to the Big Leagues!",Marques Brownlee,Tech,https://www.youtube.com/watch?v=6-yNfVqX04U
vLqR1-r4xR4,The Best Android Phones in the World!,Marques Brownlee,Tech,https://www.youtube.com/watch?v=vLqR1-r4xR4
xK7tS8D_Fm4,"The 12.9-inch iPad Pro Review: The World's Best Screen?",Marques Brownlee,Tech,https://www.youtube.com/watch?v=xK7tS8D_Fm4
zR_n9v83jD8,"The M1 MacBook Air & MacBook Pro Review: They're Crazy!",Marques Brownlee,Tech,https://www.youtube.com/watch?v=zR_n9v83jD8
89-53a47X8Y,The Galaxy Z Fold 3 Review: Almost There!,Marques Brownlee,Tech,https://www.youtube.com/watch?v=89-53a47X8Y
G8yY_x1bN4M,"iPhone 13 Pro Review: A Familiar Upgrade!",Marques Brownlee,Tech,https://www.youtube.com/watch?v=G8yY_x1bN4M
_Hk1f6d3t7I,"The Galaxy Z Flip 3 Review: The First Flippable I'd Actually Recommend!",Marques Brownlee,Tech,https://www.youtube.com/watch?v=_Hk1f6d3t7I
kP17594z_Jg,iPhone 11 Pro Review: The Biggest Difference!,Marques Brownlee,Tech,https://www.youtube.com/watch?v=kP17594z_Jg
vjA5d5L_N_o,iPhone 11 Review: The Best One.,Marques Brownlee,Tech,https://www.youtube.com/watch?v=vjA5d5L_N_o
v0s-wV_x6sY,iPhone XR Review: The One You Should Buy!,Marques Brownlee,Tech,https://www.youtube.com/watch?v=v0s-wV_x6sY
_K080iU8f8k,"AirPods Max Unboxing & First Impressions",Marques Brownlee,Tech,https://www.youtube.com/watch?v=_K080iU8f8k
u7L1w2c76gI,How to Choose a Keyboard, Marques Brownlee,Tech,https://www.youtube.com/watch?v=u7L1w2c76gI
V4f_BfB3Y3s,The iPhone 12 Pro Max Review: What's the Big Deal?,Marques Brownlee,Tech,https://www.youtube.com/watch?v=V4f_BfB3Y3s
7iN6m6G3E98,Pixel 4a Review: The Best Cheap Phone?,Marques Brownlee,Tech,https://www.youtube.com/watch?v=7iN6m6G3E98
mK_y-s2lQ-o,iPhone 13 mini Review: The Best Compact Phone!,Marques Brownlee,Tech,https://www.youtube.com/watch?v=mK_y-s2lQ-o
T2lF5-V4e9Y,"The Best Android Phones, Period.",Marques Brownlee,Tech,https://www.youtube.com/watch?v=T2lF5-V4e9Y
c5Ld4pQG1pQ,"iPhone 12, 12 Pro, 12 Pro Max, 12 mini: Unboxing & First Impressions",Marques Brownlee,Tech,https://www.youtube.com/watch?v=c5Ld4pQG1pQ
f9n2nQJ_sD0,This is a $2.5 MILLION Watch!,Marques Brownlee,Tech,https://www.youtube.com/watch?v=f9n2nQJ_sD0
b33C8H5a_Ew,"The Pixel 6 Pro vs iPhone 13 Pro Camera Test!",Marques Brownlee,Tech,https://www.youtube.com/watch?v=b33C8H5a_Ew
T4yWwWf-k34,The iPad Pro Review: An M1 iPad is a Crazy Thing!,Marques Brownlee,Tech,https://www.youtube.com/watch?v=T4yWwWf-k34
L10N3z0_n2Y,"What's The Most Important Thing In A Phone?",Marques Brownlee,Tech,https://www.youtube.com/watch?v=L10N3z0_n2Y
uY3yUo74W8c,"Unboxing the MacBook Air M1, MacBook Pro M1, and Mac mini M1",Marques Brownlee,Tech,https://www.youtube.com/watch?v=uY3yUo74W8c
R8eC9xIq634,The Nintendo Switch OLED Review: It's All About That Screen!,Marques Brownlee,Tech,https://www.youtube.com/watch?v=R8eC9xIq634
Xp9_kP_bK_w,The Microsoft Surface Duo Review: It's a Phone!,Marques Brownlee,Tech,https://www.youtube.com/watch?v=Xp9_kP_bK_w
T_T-m3o84Ew,The M2 MacBook Air Review: A New Baseline!,Marques Brownlee,Tech,https://www.youtube.com/watch?v=T_T-m3o84Ew
RjM5_1d2XQc,This Is Why You Should Use Your Phone Naked...,Marques Brownlee,Tech,https://www.youtube.com/watch?v=RjM5_1d2XQc
O_Bq_gB1_Sg,I Tried The Future Of Computing,Marques Brownlee,Tech,https://www.youtube.com/watch?v=O_Bq_gB1_Sg
T4O2bL4614w,The iMac Review: This Thing Is Beautiful!,Marques Brownlee,Tech,https://www.youtube.com/watch?v=T4O2bL4614w
2Gg6G8k817I,The Microsoft Surface Laptop Studio Review: A Tablet That's a Laptop!,Marques Brownlee,Tech,https://www.youtube.com/watch?v=2Gg6G8k817I
-4Y7k1WqO4g,The Samsung Galaxy S22 Ultra Review: Back to the Note!,Marques Brownlee,Tech,https://www.youtube.com/watch?v=-4Y7k1WqO4g
M2m2x_cO34U,iPhone 14 Pro Review: I'm Not Sold...,Marques Brownlee,Tech,https://www.youtube.com/watch?v=M2m2x_cO34U
I-n5D85U7_Q,Pixel 7 Pro Review: More Than Just a Chip!,Marques Brownlee,Tech,https://www.youtube.com/watch?v=I-n5D85U7_Q
d1D_f69J2_Q,The iPhone 15 Pro Max Review: A Little Less Pro!,Marques Brownlee,Tech,https://www.youtube.com/watch?v=d1D_f69J2_Q
k3G6A6m14Lg,"Galaxy S23 Ultra Review: The ""Little"" Upgrades Matter!",Marques Brownlee,Tech,https://www.youtube.com/watch?v=k3G6A6m14Lg
e2lP4Kj4-z8,iPad Pro M2 Review: Power is a Vibe!,Marques Brownlee,Tech,https://www.youtube.com/watch?v=e2lP4Kj4-z8
q7F63xO8y6E,"Pixel 8 Pro Review: I'm A Believer!",Marques Brownlee,Tech,https://www.youtube.com/watch?v=q7F63xO8y6E
sW5L-5K7dYg,iPhone 15 Review: The One To Buy!,Marques Brownlee,Tech,https://www.youtube.com/watch?v=sW5L-5K7dYg
hD4o_oO10Xg,"Pixel 7 Review: I'm A Believer!",Marques Brownlee,Tech,https://www.youtube.com/watch?v=hD4o_oO10Xg
s3t13A_q1f0,AirPods Pro 2 Review: The Upgrades You Actually Care About!,Marques Brownlee,Tech,https://www.youtube.com/watch?v=s3t13A_q1f0
Y8_g1vD_hSg,Samsung Galaxy S24 Ultra Review: Everything and then some!,Marques Brownlee,Tech,https://www.youtube.com/watch?v=Y8_g1vD_hSg
250b7jD2iVw,The Galaxy S23 Review: Finally! A Small Android Phone Done Right,Marques Brownlee,Tech,https://www.youtube.com/watch?v=250b7jD2iVw
N5L3A7jD5_s,iPhone 14 Review: No More Questions!,Marques Brownlee,Tech,https://www.youtube.com/watch?v=N5L3A7jD5_s
XgT_6p_p-A0,"The 13-inch MacBook Pro M2 Review: Why is This Still a Thing?!",Marques Brownlee,Tech,https://www.youtube.com/watch?v=XgT_6p_p-A0
Yl_k0g91yL8,M2 Mac mini Review: This is the One!,Marques Brownlee,Tech,https://www.youtube.com/watch?v=Yl_k0g91yL8
n8wL3dD5c6I,iPad Air M1 Review: Power Is A Vibe!,Marques Brownlee,Tech,https://www.youtube.com/watch?v=n8wL3dD5c6I
h4A9A6b_E5A,MacBook Pro M2 Review: Power Is A Vibe!,Marques Brownlee,Tech,https://www.youtube.com/watch?v=h4A9A6b_E5A
Q2XJ3lC7O4A,MacBook Pro M1 Max Unboxing: The Return of the Ports!,Marques Brownlee,Tech,https://www.youtube.com/watch?v=Q2XJ3lC7O4A
w-wXw7R2v8k,Pixel Fold Review: You Can Do Better!,Marques Brownlee,Tech,https://www.youtube.com/watch?v=w-wXw7R2v8k
s-x1kC7d4aE,Galaxy S24 Review: Not Too Late To Buy!,Marques Brownlee,Tech,https://www.youtube.com/watch?v=s-x1kC7d4aE
H0v53hJ7_sY,"M2 Mac Studio Review: It's Just The M2 Max!",Marques Brownlee,Tech,https://www.youtube.com/watch?v=H0v53hJ7_sY
dK2L7c5L-wU,"I'm Going to Build a PC, but it's a Mac!",Marques Brownlee,Tech,https://www.youtube.com/watch?v=dK2L7c5L-wU
p_o8P0wT0fQ,I'm Done With iPhones,Marques Brownlee,Tech,https://www.youtube.com/watch?v=p_o8P0wT0fQ
Y9y9d5a_t3E,Pixel Watch 2 Review: The Same Watch?,Marques Brownlee,Tech,https://www.youtube.com/watch?v=Y9y9d5a_t3E
Z9dE5h3i3jQ,"Galaxy Z Flip 5 Review: Flex On 'em!",Marques Brownlee,Tech,https://www.youtube.com/watch?v=Z9dE5h3i3jQ
-yA5n6l9b_A,MacBook Air M3 Review: Nothing New, but Still Great!,Marques Brownlee,Tech,https://www.youtube.com/watch?v=-yA5n6l9b_A
z-uM9J3l-U8,"iPhone 14 Pro Max vs 15 Pro Max Camera Test!",Marques Brownlee,Tech,https://www.youtube.com/watch?v=z-uM9J3l-U8
M9bE8fL6A4s,iPhone 15 Pro Review: The Perfect Upgrade?,Marques Brownlee,Tech,https://www.youtube.com/watch?v=M9bE8fL6A4s
o_l7jC5h1kE,"Unboxing the new MacBook Air M2, M2 Pro, and M2 Max",Marques Brownlee,Tech,https://www.youtube.com/watch?v=o_l7jC5h1kE
z2K7t3r2_t8,MacBook Air M1 vs M2: Why the M1 is Still the Best Value!,Marques Brownlee,Tech,https://www.youtube.com/watch?v=z2K7t3r2_t8
X3t3t8M7l-Q,Galaxy S24 Ultra Review: The Best Phone for Everything!,Marques Brownlee,Tech,https://www.youtube.com/watch?v=X3t3t8M7l-Q
Z3k8s_u2C4Y,"Pixel 8a Review: The Best of the Best?",Marques Brownlee,Tech,https://www.youtube.com/watch?v=Z3k8s_u2C4Y
i-i8i5D-k8Q,iOS 17 Review: Why It's The Best So Far,Marques Brownlee,Tech,https://www.youtube.com/watch?v=i-i8i5D-k8Q
s_t8i5C_k7A,Pixel 8 Review: Google’s Most Compelling Phone?,Marques Brownlee,Tech,https://www.youtube.com/watch?v=s_t8i5C_k7A
h-z6w2c8h1E,My Thoughts on Vision Pro,Marques Brownlee,Tech,https://www.youtube.com/watch?v=h-z6w2c8h1E
X5k7t2D-e8Q,Galaxy S24 Ultra Review: The Ultimate Phone!,Marques Brownlee,Tech,https://www.youtube.com/watch?v=X5k7t2D-e8Q
q-t8t3c1h3E,iPhone 15 vs 15 Pro: A Tough Choice,Marques Brownlee,Tech,https://www.youtube.com/watch?v=q-t8t3c1h3E
i8k3t2r9j3D,"Pixel 7 vs 7 Pro: A Tough Choice",Marques Brownlee,Tech,https://www.youtube.com/watch?v=i8k3t2r9j3D
d_x3_t_s1b_A,"MacBook Air vs MacBook Pro: Which to Choose?",Marques Brownlee,Tech,https://www.youtube.com/watch?v=d_x3_t_s1b_A
c_w3l_7r5o_g,Google Pixel 7a Review: The Best Mid-Range Phone?,Marques Brownlee,Tech,https://www.youtube.com/watch?v=c_w3l_7r5o_g
s_w9t_j_u_D,The New MacBook Air M3: A Great Upgrade!,Marques Brownlee,Tech,https://www.youtube.com/watch?v=s_w9t_j_u_D
x_t8y_l_c_3,iPhone 15 vs 15 Plus: Which to Choose?,Marques Brownlee,Tech,https://www.youtube.com/watch?v=x_t8y_l_c_3
k_c2l_7r5o_g,"Google Pixel 8a Review: The Best A-Series Phone Yet?",Marques Brownlee,Tech,https://www.youtube.com/watch?v=k_c2l_7r5o_g
s_w9y_j_u_D,Apple's Vision Pro: Is It Worth It?,Marques Brownlee,Tech,https://www.youtube.com/watch?v=s_w9y_j_u_D
x_t8y_l_c_3,iPhone 15 Pro vs 15 Pro Max: Which to Choose?,Marques Brownlee,Tech,https://www.youtube.com/watch?v=x_t8y_l_c_3
k_c2l_7r5o_g,Google Pixel 8 Pro Review: The Ultimate Phone?,Marques Brownlee,Tech,https://www.youtube.com/watch?v=k_c2l_7r5o_g
s_w9t_j_u_D,The New MacBook Air M3: An Easy Choice!,Marques Brownlee,Tech,https://www.youtube.com/watch?v=s_w9t_j_u_D
p_o8P0wT0fQ,I'm Done With Androids,Marques Brownlee,Tech,https://www.youtube.com/watch?v=p_o8P0wT0fQ
TjP0UgI8CTg,BROKE vs PRO Gaming,Austin Evans,Tech,https://www.youtube.com/watch?v=TjP0UgI8CTg
7Fjn4GRw8qE,"Xbox Series X Hands On, Gameplay & Controller!",Austin Evans,Tech,https://www.youtube.com/watch?v=7Fjn4GRw8qE
HtJa9jJdzac,Building the Ultimate PS4,Austin Evans,Tech,https://www.youtube.com/watch?v=HtJa9jJdzac
KM0ZV1X9o7o,Razer Just Made The Best Gaming Keyboard...,Austin Evans,Tech,https://www.youtube.com/watch?v=KM0ZV1X9o7o
5pP8TLwO_Ks,This Will Kill Your Computer,Austin Evans,Tech,https://www.youtube.com/watch?v=5pP8TLwO_Ks
6ghOAKzQMGY,Is a $100 Game Console Worth It?,Austin Evans,Tech,https://www.youtube.com/watch?v=6ghOAKzQMGY
G_ZxvxtUwus,Building the Ultimate Nintendo Switch,Austin Evans,Tech,https://www.youtube.com/watch?v=G_ZxvxtUwus
KrMvtS7DAlM,Building the Ultimate Xbox One,Austin Evans,Tech,https://www.youtube.com/watch?v=KrMvtS7DAlM
E9-x3jRSQvQ,How to Build a Gaming PC in 2020,Austin Evans,Tech,https://www.youtube.com/watch?v=E9-x3jRSQvQ
-naamtpQ8lw,BROKE vs PRO Gaming Setup,Austin Evans,Tech,https://www.youtube.com/watch?v=-naamtpQ8lw
5NX-U36VDis,Building the Ultimate PS4 Pro,Austin Evans,Tech,https://www.youtube.com/watch?v=5NX-U36VDis
ObQhpDQzfXE,Top 5 Gaming Life Hacks!,Austin Evans,Tech,https://www.youtube.com/watch?v=ObQhpDQzfXE
PGqZkOveLb8,It's All Gone,Austin Evans,Tech,https://www.youtube.com/watch?v=PGqZkOveLb8
Q1UXZs-yWDc,How NOT to Buy a Gaming PC,Austin Evans,Tech,https://www.youtube.com/watch?v=Q1UXZs-yWDc
4o_JjYV1OZE,I Bought EVERY Console at GameStop...,Austin Evans,Tech,https://www.youtube.com/watch?v=4o_JjYV1OZE
_RKYQdUUttc,Trying The Cheapest Keyboards on Amazon...,Austin Evans,Tech,https://www.youtube.com/watch?v=_RKYQdUUttc
VmzQ2hdfQcs,iPhone 6 vs Samsung Galaxy S5 Speed Test!,Austin Evans,Tech,https://www.youtube.com/watch?v=VmzQ2hdfQcs
16q8_32M03k,The Ultimate PlayStation Comparison,Austin Evans,Tech,https://www.youtube.com/watch?v=16q8_32M03k
r-7UBVzjO8Y,The Biggest vs Smallest Laptop?,Austin Evans,Tech,https://www.youtube.com/watch?v=r-7UBVzjO8Y
0Xi2rurVAvs,Can You Play Fortnite on a $200 Laptop?,Austin Evans,Tech,https://www.youtube.com/watch?v=0Xi2rurVAvs
4hCy4-G37jA,How To Waste $1811.42...,Austin Evans,Tech,https://www.youtube.com/watch?v=4hCy4-G37jA
N1uHX_WQsEY,Use a Keyboard and Mouse on PS4 & Xbox One!,Austin Evans,Tech,https://www.youtube.com/watch?v=N1uHX_WQsEY
X3XkG6GL_DM,$50 Gaming PC Challenge!,Austin Evans,Tech,https://www.youtube.com/watch?v=X3XkG6GL_DM
tXqQs7oMwmg,Is PlayStation VR Worth It?,Austin Evans,Tech,https://www.youtube.com/watch?v=tXqQs7oMwmg
SzkHeDPTLOg,I Wasted $200 on Wish...,Austin Evans,Tech,https://www.youtube.com/watch?v=SzkHeDPTLOg
FcX0pkXSKl4,Building the Ultimate Xbox 360,Austin Evans,Tech,https://www.youtube.com/watch?v=FcX0pkXSKl4
0SmVHslppDQ,Building the Portable PS4,Austin Evans,Tech,https://www.youtube.com/watch?v=0SmVHslppDQ
s_Sf4wfwvzI,Top 5 Worst Phones Ever!,Austin Evans,Tech,https://www.youtube.com/watch?v=s_Sf4wfwvzI
Y80ZTbjtz5c,Gaming Life Hacks,Austin Evans,Tech,https://www.youtube.com/watch?v=Y80ZTbjtz5c